{
    "properties": {
        "roleName": "CloudmanagerSetupRole",
        "description": "Azure SetupAsService",
        "assignableScopes": [
            "/subscriptions/<your_subscriptions_id>"
        ],
        "permissions": [
            {
                "actions": [
                    "Microsoft.Compute/disks/delete",
                    "Microsoft.Compute/disks/read",
                    "Microsoft.Compute/disks/write",
                    "Microsoft.Compute/locations/operations/read",
                    "Microsoft.Compute/operations/read",
                    "Microsoft.Compute/virtualMachines/instanceView/read",
                    "Microsoft.Compute/virtualMachines/read",
                    "Microsoft.Compute/virtualMachines/write",
                    "Microsoft.Compute/virtualMachines/delete",
                    "Microsoft.Compute/virtualMachines/extensions/write",
                    "Microsoft.Compute/virtualMachines/extensions/read",
                    "Microsoft.Compute/availabilitySets/read",
                    "Microsoft.Network/locations/operationResults/read",
                    "Microsoft.Network/locations/operations/read",
                    "Microsoft.Network/networkInterfaces/join/action",
                    "Microsoft.Network/networkInterfaces/read",
                    "Microsoft.Network/networkInterfaces/write",
                    "Microsoft.Network/networkInterfaces/delete",
                    "Microsoft.Network/networkSecurityGroups/join/action",
                    "Microsoft.Network/networkSecurityGroups/read",
                    "Microsoft.Network/networkSecurityGroups/write",
                    "Microsoft.Network/virtualNetworks/checkIpAddressAvailability/read",
                    "Microsoft.Network/virtualNetworks/read",
                    "Microsoft.Network/virtualNetworks/subnets/join/action",
                    "Microsoft.Network/virtualNetworks/subnets/read",
                    "Microsoft.Network/virtualNetworks/subnets/virtualMachines/read",
                    "Microsoft.Network/virtualNetworks/virtualMachines/read",
                    "Microsoft.Network/publicIPAddresses/write",
                    "Microsoft.Network/publicIPAddresses/read",
                    "Microsoft.Network/publicIPAddresses/delete",
                    "Microsoft.Network/networkSecurityGroups/securityRules/read",
                    "Microsoft.Network/networkSecurityGroups/securityRules/write",
                    "Microsoft.Network/networkSecurityGroups/securityRules/delete",
                    "Microsoft.Network/publicIPAddresses/join/action",
                    "Microsoft.Network/locations/virtualNetworkAvailableEndpointServices/read",
                    "Microsoft.Network/networkInterfaces/ipConfigurations/read",
                    "Microsoft.Resources/deployments/operations/read",
                    "Microsoft.Resources/deployments/read",
                    "Microsoft.Resources/deployments/delete",
                    "Microsoft.Resources/deployments/cancel/action",
                    "Microsoft.Resources/deployments/validate/action",
                    "Microsoft.Resources/resources/read",
                    "Microsoft.Resources/subscriptions/operationresults/read",
                    "Microsoft.Resources/subscriptions/resourceGroups/delete",
                    "Microsoft.Resources/subscriptions/resourceGroups/read",
                    "Microsoft.Resources/subscriptions/resourcegroups/resources/read",
                    "Microsoft.Resources/subscriptions/resourceGroups/write",
                    "Microsoft.Authorization/roleDefinitions/write",
                    "Microsoft.Authorization/roleAssignments/write",
                    "Microsoft.MarketplaceOrdering/offertypes/publishers/offers/plans/agreements/read",
                    "Microsoft.MarketplaceOrdering/offertypes/publishers/offers/plans/agreements/write",
                    "Microsoft.Network/networkSecurityGroups/delete",
                    "Microsoft.Storage/storageAccounts/delete",
                    "Microsoft.Storage/storageAccounts/write",
                    "Microsoft.Resources/deployments/write",
                    "Microsoft.Resources/deployments/operationStatuses/read",
                    "Microsoft.Authorization/roleAssignments/read",
                    "Microsoft.ContainerService/managedClusters/listClusterUserCredential/action",
                    "Microsoft.ContainerService/managedClusters/read"
                ],
                "notActions": [],
                "dataActions": [],
                "notDataActions": []
            }
        ]
    }
}