{
    "properties": {
        "roleName": "Cloud Manager Operator",
        "description": "Cloud Manager Permissions",
        "assignableScopes": [
            "/subscriptions/<your_subscriptions_id>"
        ],
        "permissions": [
            {
                "actions": [
                    "Microsoft.Compute/disks/delete",
                    "Microsoft.Compute/disks/read",
                    "Microsoft.Compute/disks/write",
                    "Microsoft.Compute/locations/operations/read",
                    "Microsoft.Compute/locations/vmSizes/read",
                    "Microsoft.Resources/subscriptions/locations/read",
                    "Microsoft.Compute/operations/read",
                    "Microsoft.Compute/virtualMachines/instanceView/read",
                    "Microsoft.Compute/virtualMachines/powerOff/action",
                    "Microsoft.Compute/virtualMachines/read",
                    "Microsoft.Compute/virtualMachines/restart/action",
                    "Microsoft.Compute/virtualMachines/deallocate/action",
                    "Microsoft.Compute/virtualMachines/start/action",
                    "Microsoft.Compute/virtualMachines/vmSizes/read",
                    "Microsoft.Compute/virtualMachines/write",
                    "Microsoft.Compute/images/write",
                    "Microsoft.Compute/images/read",
                    "Microsoft.Network/locations/operationResults/read",
                    "Microsoft.Network/locations/operations/read",
                    "Microsoft.Network/networkInterfaces/read",
                    "Microsoft.Network/networkInterfaces/write",
                    "Microsoft.Network/networkInterfaces/join/action",
                    "Microsoft.Network/networkSecurityGroups/read",
                    "Microsoft.Network/networkSecurityGroups/write",
                    "Microsoft.Network/networkSecurityGroups/join/action",
                    "Microsoft.Network/virtualNetworks/read",
                    "Microsoft.Network/virtualNetworks/checkIpAddressAvailability/read",
                    "Microsoft.Network/virtualNetworks/subnets/read",
                    "Microsoft.Network/virtualNetworks/subnets/write",
                    "Microsoft.Network/virtualNetworks/subnets/virtualMachines/read",
                    "Microsoft.Network/virtualNetworks/virtualMachines/read",
                    "Microsoft.Network/virtualNetworks/subnets/join/action",
                    "Microsoft.Resources/deployments/operations/read",
                    "Microsoft.Resources/deployments/read",
                    "Microsoft.Resources/deployments/write",
                    "Microsoft.Resources/resources/read",
                    "Microsoft.Resources/subscriptions/operationresults/read",
                    "Microsoft.Resources/subscriptions/resourceGroups/delete",
                    "Microsoft.Resources/subscriptions/resourceGroups/read",
                    "Microsoft.Resources/subscriptions/resourcegroups/resources/read",
                    "Microsoft.Resources/subscriptions/resourceGroups/write",
                    "Microsoft.Storage/checknameavailability/read",
                    "Microsoft.Storage/operations/read",
                    "Microsoft.Storage/storageAccounts/listkeys/action",
                    "Microsoft.Storage/storageAccounts/read",
                    "Microsoft.Storage/storageAccounts/delete",
                    "Microsoft.Storage/storageAccounts/regeneratekey/action",
                    "Microsoft.Storage/storageAccounts/write",
                    "Microsoft.Storage/storageAccounts/blobServices/containers/read",
                    "Microsoft.Storage/usages/read",
                    "Microsoft.Compute/snapshots/write",
                    "Microsoft.Compute/snapshots/read",
                    "Microsoft.Compute/availabilitySets/write",
                    "Microsoft.Compute/availabilitySets/read",
                    "Microsoft.Compute/disks/beginGetAccess/action",
                    "Microsoft.MarketplaceOrdering/offertypes/publishers/offers/plans/agreements/read",
                    "Microsoft.MarketplaceOrdering/offertypes/publishers/offers/plans/agreements/write",
                    "Microsoft.Network/loadBalancers/read",
                    "Microsoft.Network/loadBalancers/write",
                    "Microsoft.Network/loadBalancers/delete",
                    "Microsoft.Network/loadBalancers/backendAddressPools/read",
                    "Microsoft.Network/loadBalancers/backendAddressPools/join/action",
                    "Microsoft.Network/loadBalancers/frontendIPConfigurations/read",
                    "Microsoft.Network/loadBalancers/loadBalancingRules/read",
                    "Microsoft.Network/loadBalancers/probes/read",
                    "Microsoft.Network/loadBalancers/probes/join/action",
                    "Microsoft.Authorization/locks/*",
                    "Microsoft.Network/routeTables/join/action",
                    "Microsoft.NetApp/netAppAccounts/read",
                    "Microsoft.NetApp/netAppAccounts/capacityPools/read",
                    "Microsoft.NetApp/netAppAccounts/capacityPools/volumes/write",
                    "Microsoft.NetApp/netAppAccounts/capacityPools/volumes/read",
                    "Microsoft.NetApp/netAppAccounts/capacityPools/volumes/delete",
                    "Microsoft.Network/privateEndpoints/write",
                    "Microsoft.Storage/storageAccounts/PrivateEndpointConnectionsApproval/action",
                    "Microsoft.Storage/storageAccounts/privateEndpointConnections/read",
                    "Microsoft.Storage/storageAccounts/managementPolicies/read",
                    "Microsoft.Storage/storageAccounts/managementPolicies/write",
                    "Microsoft.Network/privateEndpoints/read",
                    "Microsoft.Network/privateDnsZones/write",
                    "Microsoft.Network/privateDnsZones/virtualNetworkLinks/write",
                    "Microsoft.Network/virtualNetworks/join/action",
                    "Microsoft.Network/privateDnsZones/A/write",
                    "Microsoft.Network/privateDnsZones/read",
                    "Microsoft.Network/privateDnsZones/virtualNetworkLinks/read",
                    "Microsoft.Resources/deployments/operationStatuses/read",
                    "Microsoft.Insights/Metrics/Read",
                    "Microsoft.Compute/virtualMachines/extensions/write",
                    "Microsoft.Compute/virtualMachines/extensions/delete",
                    "Microsoft.Compute/virtualMachines/extensions/read",
                    "Microsoft.Compute/virtualMachines/delete",
                    "Microsoft.Network/networkInterfaces/delete",
                    "Microsoft.Network/networkSecurityGroups/delete",
                    "Microsoft.Resources/deployments/delete",
                    "Microsoft.Compute/diskEncryptionSets/read",
                    "Microsoft.Compute/snapshots/delete",
                    "Microsoft.Network/privateEndpoints/delete",
                    "Microsoft.Compute/availabilitySets/delete",
                    "Microsoft.Network/loadBalancers/delete",
                    "Microsoft.KeyVault/vaults/read",
                    "Microsoft.KeyVault/vaults/accessPolicies/write",
                    "Microsoft.Compute/diskEncryptionSets/write",
                    "Microsoft.KeyVault/vaults/deploy/action",
                    "Microsoft.Compute/diskEncryptionSets/delete",
                    "Microsoft.Resources/tags/read",
                    "Microsoft.Resources/tags/write",
                    "Microsoft.Resources/tags/delete",
                    "Microsoft.Network/applicationSecurityGroups/write",
                    "Microsoft.Network/applicationSecurityGroups/read",
                    "Microsoft.Network/applicationSecurityGroups/joinIpConfiguration/action",
                    "Microsoft.Network/networkSecurityGroups/securityRules/write",
                    "Microsoft.Network/applicationSecurityGroups/delete",
                    "Microsoft.Network/networkSecurityGroups/securityRules/delete",
                    "Microsoft.ContainerService/managedClusters/listClusterUserCredential/action",
                    "Microsoft.ContainerService/managedClusters/read",
                    "Microsoft.Features/providers/features/register/action"
                ],
                "notActions": [],
                "dataActions": [],
                "notDataActions": []
            }
        ]
    }
}