{
 "Parameters": {
  "prefix": {
   "Type": "String",
   "Default": "netapp",
   "Description": "this parm use prefix or id in cfn. please input only english and all in lower case"
  },
  "creator": {
   "Type": "String",
   "Default": "SeanP",
   "Description": "please insert you are name initial"
  },
  "BootstrapVersion": {
   "Type": "AWS::SSM::Parameter::Value<String>",
   "Default": "/cdk-bootstrap/hnb659fds/version",
   "Description": "Version of the CDK Bootstrap resources in this environment, automatically retrieved from SSM Parameter Store. [cdk:skip]"
  }
 },
 "Resources": {
  "NetworkStackNestedStackNetworkStackNestedStackResource551D4040": {
   "Type": "AWS::CloudFormation::Stack",
   "Properties": {
    "Parameters": {
     "referencetomainstackcreator18DE16E6Ref": {
      "Ref": "creator"
     },
     "referencetomainstackprefixD03B04B8Ref": {
      "Ref": "prefix"
     }
    },
    "Tags": [
     {
      "Key": "creator",
      "Value": {
       "Ref": "creator"
      }
     }
    ],
    "TemplateURL": {
     "Fn::Join": [
      "",
      [
       "https://s3.ap-northeast-2.",
       {
        "Ref": "AWS::URLSuffix"
       },
       "/cdk-hnb659fds-assets-169544784679-ap-northeast-2/4af5852639ba35d3bd0ace87430f807cff25adaaec8ca0b6f1acb3ee3279a018.json"
      ]
     ]
    }
   },
   "UpdateReplacePolicy": "Delete",
   "DeletionPolicy": "Delete",
   "Metadata": {
    "aws:cdk:path": "mainstack/NetworkStack.NestedStack/NetworkStack.NestedStackResource",
    "aws:asset:path": "mainstackNetworkStack8700F4AF.nested.template.json",
    "aws:asset:property": "TemplateURL"
   }
  },
  "BlueXPReqStackNestedStackBlueXPReqStackNestedStackResource07660866": {
   "Type": "AWS::CloudFormation::Stack",
   "Properties": {
    "Parameters": {
     "referencetomainstackprefixD03B04B8Ref": {
      "Ref": "prefix"
     },
     "referencetomainstackcreator18DE16E6Ref": {
      "Ref": "creator"
     }
    },
    "Tags": [
     {
      "Key": "creator",
      "Value": {
       "Ref": "creator"
      }
     }
    ],
    "TemplateURL": {
     "Fn::Join": [
      "",
      [
       "https://s3.ap-northeast-2.",
       {
        "Ref": "AWS::URLSuffix"
       },
       "/cdk-hnb659fds-assets-169544784679-ap-northeast-2/bd64cfc2766598e17d4035998f67ae32393123acb2c4f9e98ad18022f1302c18.json"
      ]
     ]
    }
   },
   "UpdateReplacePolicy": "Delete",
   "DeletionPolicy": "Delete",
   "Metadata": {
    "aws:cdk:path": "mainstack/BlueXPReqStack.NestedStack/BlueXPReqStack.NestedStackResource",
    "aws:asset:path": "mainstackBlueXPReqStackEBFF5CDE.nested.template.json",
    "aws:asset:property": "TemplateURL"
   }
  },
  "BastionStackNestedStackBastionStackNestedStackResource40C9F099": {
   "Type": "AWS::CloudFormation::Stack",
   "Properties": {
    "Parameters": {
     "referencetomainstackprefixD03B04B8Ref": {
      "Ref": "prefix"
     },
     "referencetomainstackcreator18DE16E6Ref": {
      "Ref": "creator"
     },
     "referencetomainstackNetworkStackNestedStackNetworkStackNestedStackResource8781492AOutputsmainstackNetworkStackVPC201A3D74Ref": {
      "Fn::GetAtt": [
       "NetworkStackNestedStackNetworkStackNestedStackResource551D4040",
       "Outputs.mainstackNetworkStackVPC201A3D74Ref"
      ]
     },
     "referencetomainstackNetworkStackNestedStackNetworkStackNestedStackResource8781492AOutputsmainstackNetworkStackVPCpublicsubnetSubnet1Subnet4E8CBF2FRef": {
      "Fn::GetAtt": [
       "NetworkStackNestedStackNetworkStackNestedStackResource551D4040",
       "Outputs.mainstackNetworkStackVPCpublicsubnetSubnet1Subnet4E8CBF2FRef"
      ]
     }
    },
    "Tags": [
     {
      "Key": "creator",
      "Value": {
       "Ref": "creator"
      }
     }
    ],
    "TemplateURL": {
     "Fn::Join": [
      "",
      [
       "https://s3.ap-northeast-2.",
       {
        "Ref": "AWS::URLSuffix"
       },
       "/cdk-hnb659fds-assets-169544784679-ap-northeast-2/8225689b5f3ead85e407257cf1579b8286f1225687825c9e0c0ddd5624a3c35e.json"
      ]
     ]
    }
   },
   "DependsOn": [
    "NetworkStackNestedStackNetworkStackNestedStackResource551D4040"
   ],
   "UpdateReplacePolicy": "Delete",
   "DeletionPolicy": "Delete",
   "Metadata": {
    "aws:cdk:path": "mainstack/BastionStack.NestedStack/BastionStack.NestedStackResource",
    "aws:asset:path": "mainstackBastionStackEBD33888.nested.template.json",
    "aws:asset:property": "TemplateURL"
   }
  },
  "ADStackNestedStackADStackNestedStackResourceC91B00B5": {
   "Type": "AWS::CloudFormation::Stack",
   "Properties": {
    "Parameters": {
     "referencetomainstackprefixD03B04B8Ref": {
      "Ref": "prefix"
     },
     "referencetomainstackNetworkStackNestedStackNetworkStackNestedStackResource8781492AOutputsmainstackNetworkStackVPCprivatesubnetSubnet1SubnetE65389D4Ref": {
      "Fn::GetAtt": [
       "NetworkStackNestedStackNetworkStackNestedStackResource551D4040",
       "Outputs.mainstackNetworkStackVPCprivatesubnetSubnet1SubnetE65389D4Ref"
      ]
     },
     "referencetomainstackNetworkStackNestedStackNetworkStackNestedStackResource8781492AOutputsmainstackNetworkStackVPCprivatesubnetSubnet2SubnetA68A39BCRef": {
      "Fn::GetAtt": [
       "NetworkStackNestedStackNetworkStackNestedStackResource551D4040",
       "Outputs.mainstackNetworkStackVPCprivatesubnetSubnet2SubnetA68A39BCRef"
      ]
     },
     "referencetomainstackNetworkStackNestedStackNetworkStackNestedStackResource8781492AOutputsmainstackNetworkStackVPC201A3D74Ref": {
      "Fn::GetAtt": [
       "NetworkStackNestedStackNetworkStackNestedStackResource551D4040",
       "Outputs.mainstackNetworkStackVPC201A3D74Ref"
      ]
     }
    },
    "Tags": [
     {
      "Key": "creator",
      "Value": {
       "Ref": "creator"
      }
     }
    ],
    "TemplateURL": {
     "Fn::Join": [
      "",
      [
       "https://s3.ap-northeast-2.",
       {
        "Ref": "AWS::URLSuffix"
       },
       "/cdk-hnb659fds-assets-169544784679-ap-northeast-2/b0b0b234c9e52000472327355d5a51102dc9e0ac16eb1b260799b5f6bf4f0078.json"
      ]
     ]
    }
   },
   "DependsOn": [
    "NetworkStackNestedStackNetworkStackNestedStackResource551D4040"
   ],
   "UpdateReplacePolicy": "Delete",
   "DeletionPolicy": "Delete",
   "Metadata": {
    "aws:cdk:path": "mainstack/ADStack.NestedStack/ADStack.NestedStackResource",
    "aws:asset:path": "mainstackADStackBCCC5C61.nested.template.json",
    "aws:asset:property": "TemplateURL"
   }
  },
  "FSxNStackNestedStackFSxNStackNestedStackResourceEF8B23D2": {
   "Type": "AWS::CloudFormation::Stack",
   "Properties": {
    "Parameters": {
     "referencetomainstackprefixD03B04B8Ref": {
      "Ref": "prefix"
     },
     "referencetomainstackNetworkStackNestedStackNetworkStackNestedStackResource8781492AOutputsmainstackNetworkStackdefaultSG7F9CB16FGroupId": {
      "Fn::GetAtt": [
       "NetworkStackNestedStackNetworkStackNestedStackResource551D4040",
       "Outputs.mainstackNetworkStackdefaultSG7F9CB16FGroupId"
      ]
     },
     "referencetomainstackNetworkStackNestedStackNetworkStackNestedStackResource8781492AOutputsmainstackNetworkStackVPCprivatesubnetSubnet1SubnetE65389D4Ref": {
      "Fn::GetAtt": [
       "NetworkStackNestedStackNetworkStackNestedStackResource551D4040",
       "Outputs.mainstackNetworkStackVPCprivatesubnetSubnet1SubnetE65389D4Ref"
      ]
     },
     "referencetomainstackcreator18DE16E6Ref": {
      "Ref": "creator"
     }
    },
    "Tags": [
     {
      "Key": "creator",
      "Value": {
       "Ref": "creator"
      }
     }
    ],
    "TemplateURL": {
     "Fn::Join": [
      "",
      [
       "https://s3.ap-northeast-2.",
       {
        "Ref": "AWS::URLSuffix"
       },
       "/cdk-hnb659fds-assets-169544784679-ap-northeast-2/6c3f709faeb406a5c96403fc8d1ea824fb1feadaad9a7663b11b907b536c6731.json"
      ]
     ]
    }
   },
   "DependsOn": [
    "ADStackNestedStackADStackNestedStackResourceC91B00B5"
   ],
   "UpdateReplacePolicy": "Delete",
   "DeletionPolicy": "Delete",
   "Metadata": {
    "aws:cdk:path": "mainstack/FSxNStack.NestedStack/FSxNStack.NestedStackResource",
    "aws:asset:path": "mainstackFSxNStack1D3F56A1.nested.template.json",
    "aws:asset:property": "TemplateURL"
   }
  },
  "CDKMetadata": {
   "Type": "AWS::CDK::Metadata",
   "Properties": {
    "Analytics": "v2:deflate64:H4sIAAAAAAAA/zPSs7TUM1RMLC/WTU7J1s3JTNKrDi5JTM7WcU7LC0gsSsxNLUktAnHgokGpxfmlRcmptToBlSUZ+Xn6xnqGBnqGhopZxZmZukWleSWZual6QRAaALrs9KtgAAAA"
   },
   "Metadata": {
    "aws:cdk:path": "mainstack/CDKMetadata/Default"
   }
  }
 },
 "Rules": {
  "CheckBootstrapVersion": {
   "Assertions": [
    {
     "Assert": {
      "Fn::Not": [
       {
        "Fn::Contains": [
         [
          "1",
          "2",
          "3",
          "4",
          "5"
         ],
         {
          "Ref": "BootstrapVersion"
         }
        ]
       }
      ]
     },
     "AssertDescription": "CDK bootstrap stack version 6 required. Please run 'cdk bootstrap' with a recent version of the CDK CLI."
    }
   ]
  }
 }
}