{
 "Outputs": {
  "adorginfo": {
   "Value": {
    "Fn::Join": [
     "",
     [
      "OU=Computers,OU=",
      {
       "Ref": "referencetomainstackprefixD03B04B8Ref"
      },
      ",DC=",
      {
       "Ref": "referencetomainstackprefixD03B04B8Ref"
      },
      ",DC=com"
     ]
    ]
   }
  },
  "svmid": {
   "Value": {
    "Fn::GetAtt": [
     "CfnStorageVirtualMachine",
     "StorageVirtualMachineId"
    ]
   }
  }
 },
 "Resources": {
  "fsx": {
   "Type": "AWS::FSx::FileSystem",
   "Properties": {
    "FileSystemType": "ONTAP",
    "OntapConfiguration": {
     "AutomaticBackupRetentionDays": 0,
     "DeploymentType": "SINGLE_AZ_1",
     "DiskIopsConfiguration": {
      "Mode": "AUTOMATIC"
     },
     "FsxAdminPassword": "Netapp1!",
     "ThroughputCapacity": 128
    },
    "SecurityGroupIds": [
     {
      "Ref": "referencetomainstackNetworkStackNestedStackNetworkStackNestedStackResource8781492AOutputsmainstackNetworkStackdefaultSG7F9CB16FGroupId"
     }
    ],
    "StorageCapacity": 1024,
    "SubnetIds": [
     {
      "Ref": "referencetomainstackNetworkStackNestedStackNetworkStackNestedStackResource8781492AOutputsmainstackNetworkStackVPCprivatesubnetSubnet1SubnetE65389D4Ref"
     }
    ],
    "Tags": [
     {
      "Key": "creator",
      "Value": {
       "Ref": "referencetomainstackcreator18DE16E6Ref"
      }
     },
     {
      "Key": "Name",
      "Value": {
       "Fn::Join": [
        "-",
        [
         {
          "Ref": "referencetomainstackprefixD03B04B8Ref"
         },
         "FSxN"
        ]
       ]
      }
     }
    ]
   },
   "Metadata": {
    "aws:cdk:path": "mainstack/FSxNStack/fsx"
   }
  },
  "CfnStorageVirtualMachine": {
   "Type": "AWS::FSx::StorageVirtualMachine",
   "Properties": {
    "ActiveDirectoryConfiguration": {
     "NetBiosName": "FSxN",
     "SelfManagedActiveDirectoryConfiguration": {
      "DnsIps": {
       "Fn::Split": [
        ",",
        {
         "Fn::ImportValue": "dnsipaddress"
        }
       ]
      },
      "DomainName": {
       "Fn::Join": [
        ".",
        [
         {
          "Ref": "referencetomainstackprefixD03B04B8Ref"
         },
         "com"
        ]
       ]
      },
      "OrganizationalUnitDistinguishedName": {
       "Fn::Join": [
        "",
        [
         "OU=Computers,OU=",
         {
          "Ref": "referencetomainstackprefixD03B04B8Ref"
         },
         ",DC=",
         {
          "Ref": "referencetomainstackprefixD03B04B8Ref"
         },
         ",DC=com"
        ]
       ]
      },
      "Password": "Netapp1!",
      "UserName": "Admin"
     }
    },
    "FileSystemId": {
     "Fn::Select": [
      1,
      {
       "Fn::Split": [
        "/",
        {
         "Fn::GetAtt": [
          "fsx",
          "ResourceARN"
         ]
        }
       ]
      }
     ]
    },
    "Name": {
     "Fn::Join": [
      "-",
      [
       {
        "Ref": "referencetomainstackprefixD03B04B8Ref"
       },
       "svm"
      ]
     ]
    },
    "RootVolumeSecurityStyle": "NTFS",
    "SvmAdminPassword": "Netapp1!",
    "Tags": [
     {
      "Key": "creator",
      "Value": {
       "Ref": "referencetomainstackcreator18DE16E6Ref"
      }
     }
    ]
   },
   "Metadata": {
    "aws:cdk:path": "mainstack/FSxNStack/CfnStorageVirtualMachine"
   }
  },
  "CifsVolume": {
   "Type": "AWS::FSx::Volume",
   "Properties": {
    "Name": {
     "Fn::Join": [
      "_",
      [
       {
        "Ref": "referencetomainstackprefixD03B04B8Ref"
       },
       "volume"
      ]
     ]
    },
    "OntapConfiguration": {
     "JunctionPath": {
      "Fn::Join": [
       "",
       [
        "/",
        {
         "Ref": "referencetomainstackprefixD03B04B8Ref"
        }
       ]
      ]
     },
     "OntapVolumeType": "RW",
     "SecurityStyle": "NTFS",
     "SizeInMegabytes": "10240",
     "StorageEfficiencyEnabled": "True",
     "StorageVirtualMachineId": {
      "Fn::GetAtt": [
       "CfnStorageVirtualMachine",
       "StorageVirtualMachineId"
      ]
     },
     "TieringPolicy": {
      "CoolingPeriod": 2,
      "Name": "SNAPSHOT_ONLY"
     }
    },
    "Tags": [
     {
      "Key": "creator",
      "Value": {
       "Ref": "referencetomainstackcreator18DE16E6Ref"
      }
     }
    ],
    "VolumeType": "ONTAP"
   },
   "Metadata": {
    "aws:cdk:path": "mainstack/FSxNStack/CifsVolume"
   }
  },
  "CDKMetadata": {
   "Type": "AWS::CDK::Metadata",
   "Properties": {
    "Analytics": "v2:deflate64:H4sIAAAAAAAA/yWKuQ7CMBBEvyV9smCoUiPRcSiW0iLjbMgSH8heC6KIf8cW1cy8eTtoWxCVesdGD3Nj6A7rGSPjIFnpuT6M7pL4lbjOym2MH1gzOpJBuWTLFkGyD+qBPQVOypyUnshhOXpvksVvqR1Gn4LO47rw5N1mD2ILQlTPSNSE5JgsQvfPH1J4KQqVAAAA"
   },
   "Metadata": {
    "aws:cdk:path": "mainstack/FSxNStack/CDKMetadata/Default"
   }
  }
 },
 "Parameters": {
  "referencetomainstackprefixD03B04B8Ref": {
   "Type": "String"
  },
  "referencetomainstackNetworkStackNestedStackNetworkStackNestedStackResource8781492AOutputsmainstackNetworkStackdefaultSG7F9CB16FGroupId": {
   "Type": "String"
  },
  "referencetomainstackNetworkStackNestedStackNetworkStackNestedStackResource8781492AOutputsmainstackNetworkStackVPCprivatesubnetSubnet1SubnetE65389D4Ref": {
   "Type": "String"
  },
  "referencetomainstackcreator18DE16E6Ref": {
   "Type": "String"
  }
 }
}