{
 "Resources": {
  "MSAD": {
   "Type": "AWS::DirectoryService::MicrosoftAD",
   "Properties": {
    "CreateAlias": false,
    "Edition": "Standard",
    "EnableSso": false,
    "Name": {
     "Fn::Join": [
      ".",
      [
       {
        "Ref": "referencetomainstackprefixD03B04B8Ref"
       },
       "com"
      ]
     ]
    },
    "Password": "Netapp1!",
    "ShortName": {
     "Ref": "referencetomainstackprefixD03B04B8Ref"
    },
    "VpcSettings": {
     "SubnetIds": [
      {
       "Ref": "referencetomainstackNetworkStackNestedStackNetworkStackNestedStackResource8781492AOutputsmainstackNetworkStackVPCprivatesubnetSubnet1SubnetE65389D4Ref"
      },
      {
       "Ref": "referencetomainstackNetworkStackNestedStackNetworkStackNestedStackResource8781492AOutputsmainstackNetworkStackVPCprivatesubnetSubnet2SubnetA68A39BCRef"
      }
     ],
     "VpcId": {
      "Ref": "referencetomainstackNetworkStackNestedStackNetworkStackNestedStackResource8781492AOutputsmainstackNetworkStackVPC201A3D74Ref"
     }
    }
   },
   "Metadata": {
    "aws:cdk:path": "mainstack/ADStack/MSAD"
   }
  },
  "CDKMetadata": {
   "Type": "AWS::CDK::Metadata",
   "Properties": {
    "Analytics": "v2:deflate64:H4sIAAAAAAAA/yWJuw7CMAwAv6V7YkiZOiJYeaj9AFQcV5hCgmwHVCH+nSKmu9PV0DQQqv6lHuPob3yG957UKHbW4+jmcYoshJZlUpInI8FmSDtGyZoHW2/dnIdij2I/a0lzEaSPO052yWmxgrCEEKqrMnspyfhO0P75BWsUfEZ+AAAA"
   },
   "Metadata": {
    "aws:cdk:path": "mainstack/ADStack/CDKMetadata/Default"
   }
  }
 },
 "Outputs": {
  "cfnmicrosoftADAttrDnsIpAddresses": {
   "Value": {
    "Fn::Join": [
     ",",
     {
      "Fn::GetAtt": [
       "MSAD",
       "DnsIpAddresses"
      ]
     }
    ]
   },
   "Export": {
    "Name": "dnsipaddress"
   }
  },
  "cfnmicrosoftADname": {
   "Value": {
    "Fn::Join": [
     ".",
     [
      {
       "Ref": "referencetomainstackprefixD03B04B8Ref"
      },
      "com"
     ]
    ]
   }
  },
  "cfnmicrosoftADOrgINFO": {
   "Value": {
    "Fn::Join": [
     "",
     [
      "OU=Computers,OU=",
      {
       "Ref": "referencetomainstackprefixD03B04B8Ref"
      },
      ",DC=",
      {
       "Ref": "referencetomainstackprefixD03B04B8Ref"
      },
      ",DC=com"
     ]
    ]
   }
  }
 },
 "Parameters": {
  "referencetomainstackprefixD03B04B8Ref": {
   "Type": "String"
  },
  "referencetomainstackNetworkStackNestedStackNetworkStackNestedStackResource8781492AOutputsmainstackNetworkStackVPCprivatesubnetSubnet1SubnetE65389D4Ref": {
   "Type": "String"
  },
  "referencetomainstackNetworkStackNestedStackNetworkStackNestedStackResource8781492AOutputsmainstackNetworkStackVPCprivatesubnetSubnet2SubnetA68A39BCRef": {
   "Type": "String"
  },
  "referencetomainstackNetworkStackNestedStackNetworkStackNestedStackResource8781492AOutputsmainstackNetworkStackVPC201A3D74Ref": {
   "Type": "String"
  }
 }
}