{
 "Resources": {
  "BlueXPRole626F99B5": {
   "Type": "AWS::IAM::Role",
   "Properties": {
    "AssumeRolePolicyDocument": {
     "Statement": [
      {
       "Action": "sts:AssumeRole",
       "Effect": "Allow",
       "Principal": {
        "AWS": "arn:aws:iam::952013314444:root"
       }
      }
     ],
     "Version": "2012-10-17"
    },
    "Description": "Netapp Hands on BlueXP Role",
    "RoleName": {
     "Fn::Join": [
      "_",
      [
       {
        "Ref": "referencetomainstackprefixD03B04B8Ref"
       },
       "BlueXP_Role"
      ]
     ]
    },
    "Tags": [
     {
      "Key": "creator",
      "Value": {
       "Ref": "referencetomainstackcreator18DE16E6Ref"
      }
     }
    ]
   },
   "Metadata": {
    "aws:cdk:path": "mainstack/BlueXPReqStack/BlueXP_Role/Resource"
   }
  },
  "HandsonCloudmangerPolicy6A3BA2EF": {
   "Type": "AWS::IAM::Policy",
   "Properties": {
    "PolicyDocument": {
     "Statement": [
      {
       "Action": [
        "ce:GetCostAndUsage",
        "ce:GetDimensionValues",
        "ce:GetReservationUtilization",
        "ce:GetTags",
        "cloudformation:CreateStack",
        "cloudformation:DeleteStack",
        "cloudformation:DescribeStackEvents",
        "cloudformation:DescribeStacks",
        "cloudformation:ValidateTemplate",
        "ec2:AssignPrivateIpAddresses",
        "ec2:AssociateIamInstanceProfile",
        "ec2:AuthorizeSecurityGroupEgress",
        "ec2:AuthorizeSecurityGroupIngress",
        "ec2:CreateNetworkInterface",
        "ec2:CreatePlacementGroup",
        "ec2:CreateRoute",
        "ec2:CreateSecurityGroup",
        "ec2:CreateSnapshot",
        "ec2:CreateTags",
        "ec2:CreateVolume",
        "ec2:DeleteNetworkInterface",
        "ec2:DeletePlacementGroup",
        "ec2:DeleteRoute",
        "ec2:DeleteSecurityGroup",
        "ec2:DeleteSnapshot",
        "ec2:DeleteTags",
        "ec2:DescribeDhcpOptions",
        "ec2:DescribeIamInstanceProfileAssociations",
        "ec2:DescribeImages",
        "ec2:DescribeInstanceAttribute",
        "ec2:DescribeInstanceStatus",
        "ec2:DescribeInstances",
        "ec2:DescribeKeyPairs",
        "ec2:DescribeNetworkInterfaces",
        "ec2:DescribePlacementGroups",
        "ec2:DescribeRegions",
        "ec2:DescribeReservedInstancesOfferings",
        "ec2:DescribeRouteTables",
        "ec2:DescribeSecurityGroups",
        "ec2:DescribeSnapshots",
        "ec2:DescribeSubnets",
        "ec2:DescribeTags",
        "ec2:DescribeVolumes",
        "ec2:DescribeVolumesModifications",
        "ec2:DescribeVpcs",
        "ec2:DisassociateIamInstanceProfile",
        "ec2:GetConsoleOutput",
        "ec2:ModifyInstanceAttribute",
        "ec2:ModifyNetworkInterfaceAttribute",
        "ec2:ModifyVolume",
        "ec2:ModifyVolumeAttribute",
        "ec2:ReplaceRoute",
        "ec2:RevokeSecurityGroupEgress",
        "ec2:RevokeSecurityGroupIngress",
        "ec2:RunInstances",
        "ec2:UnassignPrivateIpAddresses",
        "fsx:Describe*",
        "fsx:List*",
        "iam:AddRoleToInstanceProfile",
        "iam:CreateInstanceProfile",
        "iam:CreateRole",
        "iam:DeleteInstanceProfile",
        "iam:DeleteRole",
        "iam:DeleteRolePolicy",
        "iam:GetRole",
        "iam:GetRolePolicy",
        "iam:ListInstanceProfiles",
        "iam:PassRole",
        "iam:PutRolePolicy",
        "iam:RemoveRoleFromInstanceProfile",
        "kms:CreateGrant",
        "kms:Describe*",
        "kms:List*",
        "kms:ReEncrypt*",
        "s3:CreateBucket",
        "s3:DeleteObject",
        "s3:DeleteObjectVersion",
        "s3:GetBucketAcl",
        "s3:GetBucketLocation",
        "s3:GetBucketPolicy",
        "s3:GetBucketPolicyStatus",
        "s3:GetBucketPublicAccessBlock",
        "s3:GetBucketTagging",
        "s3:GetLifecycleConfiguration",
        "s3:GetObject",
        "s3:GetObjectTagging",
        "s3:ListAllMyBuckets",
        "s3:ListBucket",
        "s3:ListBucketVersions",
        "s3:PutObject",
        "s3:PutObjectTagging",
        "sts:AssumeRole",
        "sts:DecodeAuthorizationMessage"
       ],
       "Effect": "Allow",
       "Resource": "*",
       "Sid": "cvoServicePolicy"
      },
      {
       "Action": [
        "athena:GetQueryExecution",
        "athena:GetQueryResults",
        "athena:StartQueryExecution",
        "athena:StopQueryExecution",
        "cloudformation:CreateStack",
        "cloudformation:DeleteStack",
        "cloudformation:DescribeStacks",
        "ec2:CreateSecurityGroup",
        "ec2:CreateTags",
        "ec2:CreateVolume",
        "ec2:DescribeImages",
        "ec2:DescribeInstanceAttribute",
        "ec2:DescribeInstanceStatus",
        "ec2:DescribeInstances",
        "ec2:DescribeRegions",
        "ec2:DescribeSubnets",
        "ec2:DescribeVpcs",
        "ec2:RunInstances",
        "ec2:StartInstances",
        "ec2:StopInstances",
        "ec2:TerminateInstances",
        "ec2:describeVpcEndpoints",
        "glue:BatchDeletePartition",
        "glue:CreateDatabase",
        "glue:CreateTable",
        "kms:Describe*",
        "kms:List*",
        "kms:ListAliases"
       ],
       "Effect": "Allow",
       "Resource": "*",
       "Sid": "backupPolicy"
      },
      {
       "Action": [
        "s3:AbortMultipartUpload",
        "s3:CreateBucket",
        "s3:DeleteBucket",
        "s3:DeleteObject",
        "s3:DeleteObjectVersion",
        "s3:GetBucketAcl",
        "s3:GetBucketLocation",
        "s3:GetLifecycleConfiguration",
        "s3:GetObject",
        "s3:ListAllMyBuckets",
        "s3:ListBucket",
        "s3:ListBucketMultipartUploads",
        "s3:ListBucketVersions",
        "s3:ListMultipartUploadParts",
        "s3:PutBucketAcl",
        "s3:PutBucketPublicAccessBlock",
        "s3:PutBucketTagging",
        "s3:PutEncryptionConfiguration",
        "s3:PutLifecycleConfiguration",
        "s3:PutObject"
       ],
       "Effect": "Allow",
       "Resource": "arn:aws:s3:::netapp-backup-*",
       "Sid": "backupS3Policy"
      },
      {
       "Action": [
        "ec2:CreateTags",
        "ec2:DeleteTags",
        "ec2:DescribeTags",
        "tag:TagResources",
        "tag:UntagResources",
        "tag:getResources",
        "tag:getTagKeys",
        "tag:getTagValues"
       ],
       "Effect": "Allow",
       "Resource": "*",
       "Sid": "tagServicePolicy"
      },
      {
       "Action": [
        "s3:CreateBucket",
        "s3:DeleteBucket",
        "s3:GetBucketAcl",
        "s3:GetBucketPolicy",
        "s3:GetBucketPolicyStatus",
        "s3:GetBucketPublicAccessBlock",
        "s3:GetLifecycleConfiguration",
        "s3:ListBucketVersions",
        "s3:PutBucketPublicAccessBlock",
        "s3:PutBucketTagging",
        "s3:PutLifecycleConfiguration"
       ],
       "Effect": "Allow",
       "Resource": "arn:aws:s3:::fabric-pool*",
       "Sid": "fabricPoolS3Policy"
      },
      {
       "Action": "ec2:DescribeRegions",
       "Effect": "Allow",
       "Resource": "*",
       "Sid": "fabricPoolPolicy"
      },
      {
       "Action": [
        "ec2:StartInstances",
        "ec2:StopInstances",
        "ec2:TerminateInstances"
       ],
       "Condition": {
        "StringLike": {
         "ec2:ResourceTag/netapp-adc-manager": "*"
        }
       },
       "Effect": "Allow",
       "Resource": "arn:aws:ec2:*:*:instance/*"
      },
      {
       "Action": [
        "ec2:AttachVolume",
        "ec2:DetachVolume",
        "ec2:StartInstances",
        "ec2:TerminateInstances"
       ],
       "Condition": {
        "StringLike": {
         "ec2:ResourceTag/GFCInstance": "*"
        }
       },
       "Effect": "Allow",
       "Resource": "arn:aws:ec2:*:*:instance/*"
      },
      {
       "Action": [
        "ec2:AttachVolume",
        "ec2:DeleteVolume",
        "ec2:DetachVolume",
        "ec2:StartInstances",
        "ec2:StopInstances",
        "ec2:TerminateInstances"
       ],
       "Condition": {
        "StringLike": {
         "ec2:ResourceTag/WorkingEnvironment": "*"
        }
       },
       "Effect": "Allow",
       "Resource": "arn:aws:ec2:*:*:instance/*"
      },
      {
       "Action": [
        "ec2:AttachVolume",
        "ec2:DetachVolume"
       ],
       "Effect": "Allow",
       "Resource": "arn:aws:ec2:*:*:volume/*"
      },
      {
       "Action": "ec2:DeleteVolume",
       "Condition": {
        "StringLike": {
         "ec2:ResourceTag/WorkingEnvironment": "*"
        }
       },
       "Effect": "Allow",
       "Resource": "arn:aws:ec2:*:*:volume/*"
      },
      {
       "Action": [
        "ec2:DescribeRegions",
        "eks:DescribeCluster",
        "eks:ListClusters",
        "iam:ListInstanceProfiles"
       ],
       "Effect": "Allow",
       "Resource": "*",
       "Sid": "K8sServicePolicy"
      },
      {
       "Action": [
        "cloudformation:DescribeStacks",
        "cloudformation:ListStacks",
        "cloudwatch:GetMetricStatistics"
       ],
       "Effect": "Allow",
       "Resource": "*",
       "Sid": "GFCservicePolicy"
      }
     ],
     "Version": "2012-10-17"
    },
    "PolicyName": {
     "Fn::Join": [
      "_",
      [
       {
        "Ref": "referencetomainstackprefixD03B04B8Ref"
       },
       "BlueXP_Policy"
      ]
     ]
    },
    "Roles": [
     {
      "Ref": "BlueXPRole626F99B5"
     }
    ]
   },
   "Metadata": {
    "aws:cdk:path": "mainstack/BlueXPReqStack/HandsonCloudmangerPolicy/Resource"
   }
  },
  "OCCMFSx66D2FD03": {
   "Type": "AWS::IAM::Policy",
   "Properties": {
    "PolicyDocument": {
     "Statement": [
      {
       "Action": [
        "ec2:CreateTags",
        "ec2:Describe*",
        "fsx:*",
        "iam:CreateServiceLinkedRole",
        "kms:CreateGrant",
        "kms:Describe*",
        "kms:List*"
       ],
       "Effect": "Allow",
       "Resource": "*",
       "Sid": "createfsx"
      }
     ],
     "Version": "2012-10-17"
    },
    "PolicyName": {
     "Fn::Join": [
      "_",
      [
       {
        "Ref": "referencetomainstackprefixD03B04B8Ref"
       },
       "OCCMFSxN_Policy"
      ]
     ]
    },
    "Roles": [
     {
      "Ref": "BlueXPRole626F99B5"
     }
    ]
   },
   "Metadata": {
    "aws:cdk:path": "mainstack/BlueXPReqStack/OCCMFSx/Resource"
   }
  },
  "CDKMetadata": {
   "Type": "AWS::CDK::Metadata",
   "Properties": {
    "Analytics": "v2:deflate64:H4sIAAAAAAAA/y2KTQ6DIBBGz+IexmJXrrtvDR7AUJzGqQhGhhhjvHtb7Op9P6+CugZVmDVK24/S0RP2O0bGvmVjR/E9OjIT7Do4FLeXz2yCI7v96pkOoTGGtNisPBLPibP8Xw/RbDwEX15BXUCp4h2J5JI804SgT34A+44c2osAAAA="
   },
   "Metadata": {
    "aws:cdk:path": "mainstack/BlueXPReqStack/CDKMetadata/Default"
   }
  }
 },
 "Outputs": {
  "BlueXPRoleArn": {
   "Value": {
    "Fn::GetAtt": [
     "BlueXPRole626F99B5",
     "Arn"
    ]
   }
  },
  "BluxXPCredentinalName": {
   "Value": {
    "Fn::Join": [
     "_",
     [
      "169544784679",
      {
       "Ref": "BlueXPRole626F99B5"
      }
     ]
    ]
   }
  }
 },
 "Parameters": {
  "referencetomainstackprefixD03B04B8Ref": {
   "Type": "String"
  },
  "referencetomainstackcreator18DE16E6Ref": {
   "Type": "String"
  }
 }
}